"","指標","議員のみ","首長のみ","両方"
"経常収支比率.市町村財政._中央化","ln係数","-0.0026* (0.0013)","-0.0026** (0.0013)","-0.0021 (0.0014)"
"factor(議員経過年度)1","ln係数","0.0132* (0.0068)","","0.0133* (0.0070)"
"factor(議員経過年度)2","ln係数","0.0055 (0.0069)","","0.0047 (0.0071)"
"factor(議員経過年度)3","ln係数","0.0123* (0.0071)","","0.0114 (0.0073)"
"議会高齢化ギャップ","ln係数","0.0112 (0.0450)","0.0031 (0.0430)","0.0110 (0.0449)"
"議会女性ギャップ","ln係数","0.0150 (0.0968)","0.0065 (0.0957)","0.0154 (0.0969)"
"議員新人割合","ln係数","-0.0056 (0.0393)","-0.0065 (0.0394)","-0.0057 (0.0394)"
"首長X65歳以上割合","ln係数","0.0195* (0.0107)","0.0201* (0.0108)","0.0197* (0.0108)"
"首長新人割合","ln係数","-0.0078 (0.0081)","-0.0076 (0.0081)","-0.0078 (0.0081)"
"首長女性割合","ln係数","-0.0100 (0.0226)","-0.0084 (0.0224)","-0.0102 (0.0226)"
"地域女性割合","ln係数","3.2742* (1.7656)","3.2542* (1.7615)","3.2838* (1.7654)"
"ln児童生徒数","ln係数","0.4023*** (0.0799)","0.4041*** (0.0799)","0.4014*** (0.0799)"
"政令市_post2017","ln係数","0.6600*** (0.0292)","0.6500*** (0.0288)","0.6594*** (0.0295)"
"経常収支比率.市町村財政._中央化:factor(議員経過年度)1","ln係数","0.0002 (0.0011)","","0.0005 (0.0011)"
"経常収支比率.市町村財政._中央化:factor(議員経過年度)2","ln係数","-0.0010 (0.0011)","","-0.0008 (0.0011)"
"経常収支比率.市町村財政._中央化:factor(議員経過年度)3","ln係数","-0.0019* (0.0010)","","-0.0018* (0.0011)"
"factor(首長経過年度)1","ln係数","","0.0010 (0.0058)","-0.0016 (0.0060)"
"factor(首長経過年度)2","ln係数","","0.0023 (0.0064)","0.0007 (0.0066)"
"factor(首長経過年度)3","ln係数","","0.0046 (0.0059)","0.0022 (0.0061)"
"経常収支比率.市町村財政._中央化:factor(首長経過年度)1","ln係数","","-0.0008 (0.0010)","-0.0011 (0.0010)"
"経常収支比率.市町村財政._中央化:factor(首長経過年度)2","ln係数","","-0.0011 (0.0011)","-0.0010 (0.0011)"
"経常収支比率.市町村財政._中央化:factor(首長経過年度)3","ln係数","","-0.0009 (0.0010)","-0.0007 (0.0010)"
"経常収支比率.市町村財政._中央化","教育費の変化率(%)","-0.2608* (0.1333)","-0.2589** (0.1294)","-0.2102 (0.1412)"
"factor(議員経過年度)1","教育費の変化率(%)","1.3328* (0.6882)","","1.3438* (0.7085)"
"factor(議員経過年度)2","教育費の変化率(%)","0.5530 (0.6980)","","0.4715 (0.7173)"
"factor(議員経過年度)3","教育費の変化率(%)","1.2357* (0.7217)","","1.1469 (0.7396)"
"議会高齢化ギャップ","教育費の変化率(%)","1.1238 (4.5492)","0.3128 (4.3151)","1.1018 (4.5441)"
"議会女性ギャップ","教育費の変化率(%)","1.5136 (9.8237)","0.6552 (9.6359)","1.5550 (9.8426)"
"議員新人割合","教育費の変化率(%)","-0.5580 (3.9129)","-0.6496 (3.9102)","-0.5638 (3.9178)"
"首長X65歳以上割合","教育費の変化率(%)","1.9694* (1.0960)","2.0315* (1.0975)","1.9849* (1.0971)"
"首長新人割合","教育費の変化率(%)","-0.7741 (0.8076)","-0.7548 (0.8083)","-0.7742 (0.8084)"
"首長女性割合","教育費の変化率(%)","-0.9992 (2.2380)","-0.8328 (2.2256)","-1.0187 (2.2387)"
"地域女性割合","教育費の変化率(%)","2542.2352* (4665.0874)","2489.7910* (4561.8165)","2567.5791* (4709.2645)"
"ln児童生徒数","教育費の変化率(%)","49.5322*** (11.9492)","49.8002*** (11.9666)","49.3945*** (11.9397)"
"政令市_post2017","教育費の変化率(%)","93.4784*** (5.6577)","91.5462*** (5.5137)","93.3585*** (5.7008)"
"経常収支比率.市町村財政._中央化:factor(議員経過年度)1","教育費の変化率(%)","0.0248 (0.1051)","","0.0502 (0.1065)"
"経常収支比率.市町村財政._中央化:factor(議員経過年度)2","教育費の変化率(%)","-0.0974 (0.1112)","","-0.0771 (0.1123)"
"経常収支比率.市町村財政._中央化:factor(議員経過年度)3","教育費の変化率(%)","-0.1868* (0.1047)","","-0.1759* (0.1065)"
"factor(首長経過年度)1","教育費の変化率(%)","","0.1014 (0.5851)","-0.1583 (0.6039)"
"factor(首長経過年度)2","教育費の変化率(%)","","0.2319 (0.6412)","0.0672 (0.6567)"
"factor(首長経過年度)3","教育費の変化率(%)","","0.4639 (0.5939)","0.2176 (0.6070)"
"経常収支比率.市町村財政._中央化:factor(首長経過年度)1","教育費の変化率(%)","","-0.0773 (0.0965)","-0.1074 (0.0973)"
"経常収支比率.市町村財政._中央化:factor(首長経過年度)2","教育費の変化率(%)","","-0.1054 (0.1094)","-0.1008 (0.1091)"
"経常収支比率.市町村財政._中央化:factor(首長経過年度)3","教育費の変化率(%)","","-0.0917 (0.1020)","-0.0664 (0.1042)"
"経常収支比率.市町村財政._中央化","p値","0.0508*","0.0457**","0.1370"
"factor(議員経過年度)1","p値","0.0513*","","0.0562*"
"factor(議員経過年度)2","p値","0.4269","","0.5100"
"factor(議員経過年度)3","p値","0.0850*","","0.1189"
"議会高齢化ギャップ","p値","0.8038","0.9421","0.8074"
"議会女性ギャップ","p値","0.8766","0.9456","0.8735"
"議員新人割合","p値","0.8869","0.8685","0.8859"
"首長X65歳以上割合","p値","0.0696*","0.0616*","0.0677*"
"首長新人割合","p値","0.3397","0.3523","0.3401"
"首長女性割合","p値","0.6569","0.7094","0.6508"
"地域女性割合","p値","0.0637*","0.0647*","0.0629*"
"ln児童生徒数","p値","0.0000***","0.0000***","0.0000***"
"政令市_post2017","p値","0.0000***","0.0000***","0.0000***"
"経常収支比率.市町村財政._中央化:factor(議員経過年度)1","p値","0.8138","","0.6378"
"経常収支比率.市町村財政._中央化:factor(議員経過年度)2","p値","0.3811","","0.4927"
"経常収支比率.市町村財政._中央化:factor(議員経過年度)3","p値","0.0746*","","0.0988*"
"factor(首長経過年度)1","p値","","0.8623","0.7934"
"factor(首長経過年度)2","p値","","0.7174","0.9185"
"factor(首長経過年度)3","p値","","0.4338","0.7197"
"経常収支比率.市町村財政._中央化:factor(首長経過年度)1","p値","","0.4232","0.2704"
"経常収支比率.市町村財政._中央化:factor(首長経過年度)2","p値","","0.3355","0.3555"
"経常収支比率.市町村財政._中央化:factor(首長経過年度)3","p値","","0.3689","0.5242"
"固定効果","モデル情報","自治体・年度","自治体・年度","自治体・年度"
"標準誤差","モデル情報","自治体クラスター","自治体クラスター","自治体クラスター"
"観測数","モデル情報","10242","10242","10242"
"自治体数","モデル情報","1707","1707","1707"
"年度数","モデル情報","6","6","6"
"決定係数","モデル情報","0.0290","0.0281","0.0292"
"調整済み決定係数","モデル情報","-0.1680","-0.1690","-0.1686"
"F統計量","モデル情報","38.81","38.79","28.01"
"F検定のp値","モデル情報","<2e-16","<2e-16","<2e-16"
